<?xml version="1.0" encoding="UTF-8"?>
<project-private xmlns="http://www.netbeans.org/ns/project-private/1">
    <editor-bookmarks xmlns="http://www.netbeans.org/ns/editor-bookmarks/2" lastBookmarkId="0"/>
    <open-files xmlns="http://www.netbeans.org/ns/projectui-open-files/2">
        <group>
            <file>file:/C:/Users/user/Documents/v/GestionDePension/src/Modele/MenuPrincipale.java</file>
            <file>file:/C:/Users/user/Documents/v/GestionDePension/src/Modele/Personne.java</file>
            <file>file:/C:/Users/user/Documents/v/GestionDePension/src/Modele/Conjoint.java</file>
            <file>file:/C:/Users/user/Documents/v/GestionDePension/src/Modele/ConnectionData.java</file>
            <file>file:/C:/Users/user/Documents/v/GestionDePension/src/Modele/Payer.java</file>
            <file>file:/C:/Users/user/Documents/v/GestionDePension/src/Modele/Tarif.java</file>
        </group>
    </open-files>
</project-private>
